{"mean":{"confidence_interval":{"confidence_level":0.95,"lower_bound":5405.730545825071,"upper_bound":5419.449278520611},"point_estimate":5412.298981091863,"standard_error":3.5027828823279177},"median":{"confidence_interval":{"confidence_level":0.95,"lower_bound":5402.259480046365,"upper_bound":5410.428278688524},"point_estimate":5406.028111438476,"standard_error":1.8757957742656028},"median_abs_dev":{"confidence_interval":{"confidence_level":0.95,"lower_bound":15.554543195235462,"upper_bound":26.60167107041015},"point_estimate":21.973817275359856,"standard_error":2.8664852214243144},"slope":{"confidence_interval":{"confidence_level":0.95,"lower_bound":5402.542618996653,"upper_bound":5409.392008734662},"point_estimate":5405.922781030733,"standard_error":1.7476767672247182},"std_dev":{"confidence_interval":{"confidence_level":0.95,"lower_bound":26.071793916559784,"upper_bound":43.978397741431536},"point_estimate":35.25114659241977,"standard_error":4.624182062134313}}