{"mean":{"confidence_interval":{"confidence_level":0.95,"lower_bound":-0.008957772868109474,"upper_bound":0.011027785820623056},"point_estimate":0.0011167143127277512,"standard_error":0.00506832092132268},"median":{"confidence_interval":{"confidence_level":0.95,"lower_bound":0.0021168668276006558,"upper_bound":0.005955646025640693},"point_estimate":0.004219842195243073,"standard_error":0.0009788037718592008}}