{"mean":{"confidence_interval":{"confidence_level":0.95,"lower_bound":21.75400554031257,"upper_bound":21.867525911780405},"point_estimate":21.803548700044722,"standard_error":0.029123352813527275},"median":{"confidence_interval":{"confidence_level":0.95,"lower_bound":21.69134571460076,"upper_bound":21.75181024625512},"point_estimate":21.71651323976498,"standard_error":0.013883434464894161},"median_abs_dev":{"confidence_interval":{"confidence_level":0.95,"lower_bound":0.08434670694027413,"upper_bound":0.15932180872155566},"point_estimate":0.12226410908618567,"standard_error":0.01764810222906664},"slope":{"confidence_interval":{"confidence_level":0.95,"lower_bound":21.74185318932555,"upper_bound":21.80849513814974},"point_estimate":21.773453774416502,"standard_error":0.01702015191151341},"std_dev":{"confidence_interval":{"confidence_level":0.95,"lower_bound":0.14886674109488693,"upper_bound":0.4377803466890111},"point_estimate":0.2919581802283314,"standard_error":0.08469464198864671}}