{"mean":{"confidence_interval":{"confidence_level":0.95,"lower_bound":-0.01892090315789477,"upper_bound":0.0014103717720057296},"point_estimate":-0.008234152710197673,"standard_error":0.005189326895413596},"median":{"confidence_interval":{"confidence_level":0.95,"lower_bound":-0.01196490652636173,"upper_bound":0.00005495108109161812},"point_estimate":-0.007138293705413523,"standard_error":0.0029329883874719903}}