{"mean":{"confidence_interval":{"confidence_level":0.95,"lower_bound":-0.021899236086431295,"upper_bound":-0.017803715002753403},"point_estimate":-0.019760042951900703,"standard_error":0.0010435913412226478},"median":{"confidence_interval":{"confidence_level":0.95,"lower_bound":-0.019519297322919307,"upper_bound":-0.01797028528029021},"point_estimate":-0.018815146240965364,"standard_error":0.0004518678919191947}}