{"mean":{"confidence_interval":{"confidence_level":0.95,"lower_bound":-0.08985942268276033,"upper_bound":-0.06883701025931382},"point_estimate":-0.07892940180178598,"standard_error":0.005377590906383887},"median":{"confidence_interval":{"confidence_level":0.95,"lower_bound":-0.06731259075538365,"upper_bound":-0.05778233252076148},"point_estimate":-0.060180040916002486,"standard_error":0.002483339329731022}}