{"mean":{"confidence_interval":{"confidence_level":0.95,"lower_bound":-0.01121430338742646,"upper_bound":-0.00276050330310532},"point_estimate":-0.006709787086750518,"standard_error":0.0021542393320075777},"median":{"confidence_interval":{"confidence_level":0.95,"lower_bound":-0.0038378242827686307,"upper_bound":0.00026910403799718097},"point_estimate":-0.00185726530935304,"standard_error":0.000968935090839796}}