{"mean":{"confidence_interval":{"confidence_level":0.95,"lower_bound":-0.13015050672173986,"upper_bound":-0.10705626575769323},"point_estimate":-0.11670024399486412,"standard_error":0.006011655004245244},"median":{"confidence_interval":{"confidence_level":0.95,"lower_bound":-0.1135000379955633,"upper_bound":-0.10695070762260095},"point_estimate":-0.10932104898422934,"standard_error":0.0020757117093185406}}