{"mean":{"confidence_interval":{"confidence_level":0.95,"lower_bound":-0.05439442562158621,"upper_bound":-0.0393975548187664},"point_estimate":-0.04647298974792857,"standard_error":0.003812762277347447},"median":{"confidence_interval":{"confidence_level":0.95,"lower_bound":-0.05144452653428866,"upper_bound":-0.03574610379131471},"point_estimate":-0.043872909737651344,"standard_error":0.003925034761234774}}