{"mean":{"confidence_interval":{"confidence_level":0.95,"lower_bound":-0.1068046991169128,"upper_bound":-0.08171827832739331},"point_estimate":-0.09333097126558965,"standard_error":0.006441821291768389},"median":{"confidence_interval":{"confidence_level":0.95,"lower_bound":-0.09467304526360443,"upper_bound":-0.0595649177666151},"point_estimate":-0.08893270318202173,"standard_error":0.012290319992752005}}