{"mean":{"confidence_interval":{"confidence_level":0.95,"lower_bound":-0.01869625737864971,"upper_bound":0.0009629880997284789},"point_estimate":-0.009322455187974366,"standard_error":0.004896321586923128},"median":{"confidence_interval":{"confidence_level":0.95,"lower_bound":-0.012084096546434608,"upper_bound":-0.009624639993045747},"point_estimate":-0.010664623552687935,"standard_error":0.0007025877607540428}}