{"mean":{"confidence_interval":{"confidence_level":0.95,"lower_bound":0.287285220999926,"upper_bound":0.29760256623592624},"point_estimate":0.2923975782495596,"standard_error":0.002631922689710939},"median":{"confidence_interval":{"confidence_level":0.95,"lower_bound":0.2741717912257011,"upper_bound":0.27507560901163974},"point_estimate":0.27460062815037034,"standard_error":0.0003933871078516219}}