{"mean":{"confidence_interval":{"confidence_level":0.95,"lower_bound":-0.20650351105321046,"upper_bound":-0.16844786417290214},"point_estimate":-0.18752275432173193,"standard_error":0.009692277335295313},"median":{"confidence_interval":{"confidence_level":0.95,"lower_bound":-0.21549325561998212,"upper_bound":-0.1871119177462788},"point_estimate":-0.20395527485693665,"standard_error":0.0076802114849256085}}