{"mean":{"confidence_interval":{"confidence_level":0.95,"lower_bound":0.009798683622339478,"upper_bound":0.013079968840279566},"point_estimate":0.011396979506018257,"standard_error":0.0008321808863509807},"median":{"confidence_interval":{"confidence_level":0.95,"lower_bound":0.00908837839775023,"upper_bound":0.011627233643643686},"point_estimate":0.010321869333395739,"standard_error":0.000698551475720862}}