{"mean":{"confidence_interval":{"confidence_level":0.95,"lower_bound":0.03463188575456101,"upper_bound":0.09420568562754628},"point_estimate":0.06102939562013021,"standard_error":0.01635529057812642},"median":{"confidence_interval":{"confidence_level":0.95,"lower_bound":0.030585807932361764,"upper_bound":0.055485421160026416},"point_estimate":0.039300770979400435,"standard_error":0.007201530670931671}}