{"mean":{"confidence_interval":{"confidence_level":0.95,"lower_bound":0.040289680330739576,"upper_bound":0.05881266376358697},"point_estimate":0.04973047206430592,"standard_error":0.004697194984102055},"median":{"confidence_interval":{"confidence_level":0.95,"lower_bound":0.04506985883785508,"upper_bound":0.07121663678234302},"point_estimate":0.0629140649898976,"standard_error":0.006036355371963909}}