{"mean":{"confidence_interval":{"confidence_level":0.95,"lower_bound":2070.00139839427,"upper_bound":2116.673456355889},"point_estimate":2088.2717243164707,"standard_error":12.408750093730594},"median":{"confidence_interval":{"confidence_level":0.95,"lower_bound":2061.4574315789473,"upper_bound":2064.656735057984},"point_estimate":2062.5356661007354,"standard_error":0.7116323189722205},"median_abs_dev":{"confidence_interval":{"confidence_level":0.95,"lower_bound":4.240979352841734,"upper_bound":7.743152220596851},"point_estimate":5.698762507226151,"standard_error":0.902501629262783},"slope":{"confidence_interval":{"confidence_level":0.95,"lower_bound":2063.785254660576,"upper_bound":2159.086294560776},"point_estimate":2095.2035955542765,"standard_error":28.259162239773044},"std_dev":{"confidence_interval":{"confidence_level":0.95,"lower_bound":23.20055252045649,"upper_bound":205.71568152762063},"point_estimate":124.8329000257071,"standard_error":55.119098335088054}}