{"mean":{"confidence_interval":{"confidence_level":0.95,"lower_bound":0.0001549479478661743,"upper_bound":0.015312927926273773},"point_estimate":0.007760996123866937,"standard_error":0.003887646041561162},"median":{"confidence_interval":{"confidence_level":0.95,"lower_bound":-0.0019887792902285595,"upper_bound":0.024164014820391877},"point_estimate":0.006897524102495778,"standard_error":0.006283824621323592}}