{"mean":{"confidence_interval":{"confidence_level":0.95,"lower_bound":0.003975541144297873,"upper_bound":0.009065499869901916},"point_estimate":0.006468297923144517,"standard_error":0.0013092341788130601},"median":{"confidence_interval":{"confidence_level":0.95,"lower_bound":0.004366403369824301,"upper_bound":0.006682608591811912},"point_estimate":0.005358717910022293,"standard_error":0.0006125271607230682}}