{"mean":{"confidence_interval":{"confidence_level":0.95,"lower_bound":0.009927812726071942,"upper_bound":0.028047892743042806},"point_estimate":0.01899289125942638,"standard_error":0.004632542412953859},"median":{"confidence_interval":{"confidence_level":0.95,"lower_bound":0.0008885776532154832,"upper_bound":0.03377224981254989},"point_estimate":0.010253463408367525,"standard_error":0.008727252817391803}}