{"mean":{"confidence_interval":{"confidence_level":0.95,"lower_bound":-0.007243067320047717,"upper_bound":0.011976188528965603},"point_estimate":0.0026233722665114367,"standard_error":0.004909035806129132},"median":{"confidence_interval":{"confidence_level":0.95,"lower_bound":-0.011067236004342007,"upper_bound":0.020413985578789262},"point_estimate":0.00015005271742229986,"standard_error":0.007399799935459847}}