{"mean":{"confidence_interval":{"confidence_level":0.95,"lower_bound":-0.001685888013341924,"upper_bound":0.013246325387536227},"point_estimate":0.005717663373166815,"standard_error":0.0037933505722642933},"median":{"confidence_interval":{"confidence_level":0.95,"lower_bound":-0.017245014798859426,"upper_bound":0.012804972824075722},"point_estimate":-0.009559352722210757,"standard_error":0.008588775906842096}}