{"mean":{"confidence_interval":{"confidence_level":0.95,"lower_bound":-0.05755923145066805,"upper_bound":-0.02955757060733743},"point_estimate":-0.04208094992453537,"standard_error":0.007230028531255197},"median":{"confidence_interval":{"confidence_level":0.95,"lower_bound":-0.04137956122703279,"upper_bound":-0.03812098192174107},"point_estimate":-0.03966047693856234,"standard_error":0.0009447573990550062}}