{"mean":{"confidence_interval":{"confidence_level":0.95,"lower_bound":-0.004224326247605031,"upper_bound":-0.0006273787659040525},"point_estimate":-0.002352566795692179,"standard_error":0.0009186401898028208},"median":{"confidence_interval":{"confidence_level":0.95,"lower_bound":-0.002438271881113896,"upper_bound":-0.0008583537800466168},"point_estimate":-0.001506987173784613,"standard_error":0.00043733690326737027}}