{"mean":{"confidence_interval":{"confidence_level":0.95,"lower_bound":10.788049592147216,"upper_bound":10.81907958732142},"point_estimate":10.800830440233062,"standard_error":0.008128616795129355},"median":{"confidence_interval":{"confidence_level":0.95,"lower_bound":10.77828197267364,"upper_bound":10.779210568635976},"point_estimate":10.778540714021062,"standard_error":0.00029319957258164254},"median_abs_dev":{"confidence_interval":{"confidence_level":0.95,"lower_bound":0.0004451792252158913,"upper_bound":0.0018453358863240457},"point_estimate":0.0008421687902434228,"standard_error":0.00043994463220308725},"slope":{"confidence_interval":{"confidence_level":0.95,"lower_bound":10.783087439328359,"upper_bound":10.798158377184157},"point_estimate":10.789309984871819,"standard_error":0.0039108712328071145},"std_dev":{"confidence_interval":{"confidence_level":0.95,"lower_bound":0.02336301708179906,"upper_bound":0.13088115023047514},"point_estimate":0.0818706044069852,"standard_error":0.031184680976389715}}