{"mean":{"confidence_interval":{"confidence_level":0.95,"lower_bound":0.07879657328762947,"upper_bound":0.09174550314978992},"point_estimate":0.08550166754452726,"standard_error":0.0032728423679001914},"median":{"confidence_interval":{"confidence_level":0.95,"lower_bound":0.07330823582131196,"upper_bound":0.10860554277795953},"point_estimate":0.09345104560956785,"standard_error":0.010174478873159786}}