{"mean":{"confidence_interval":{"confidence_level":0.95,"lower_bound":0.008168759234781638,"upper_bound":0.036907245023162914},"point_estimate":0.02273267957196401,"standard_error":0.007355908645141973},"median":{"confidence_interval":{"confidence_level":0.95,"lower_bound":0.0073038589706366785,"upper_bound":0.0395177995264957},"point_estimate":0.022432904263145037,"standard_error":0.007875445739454319}}