{"mean":{"confidence_interval":{"confidence_level":0.95,"lower_bound":5441.007363550178,"upper_bound":5490.9339958368055},"point_estimate":5460.692200154855,"standard_error":13.149979471232943},"median":{"confidence_interval":{"confidence_level":0.95,"lower_bound":5428.6539373995565,"upper_bound":5430.2623415291055},"point_estimate":5429.476619077178,"standard_error":0.3783748122010858},"median_abs_dev":{"confidence_interval":{"confidence_level":0.95,"lower_bound":2.178612453085349,"upper_bound":4.741881319908439},"point_estimate":2.9752850490206657,"standard_error":0.6404841633609678},"slope":{"confidence_interval":{"confidence_level":0.95,"lower_bound":5429.439546641127,"upper_bound":5442.455742960135},"point_estimate":5434.099120113796,"standard_error":3.61074606539038},"std_dev":{"confidence_interval":{"confidence_level":0.95,"lower_bound":36.682264226473244,"upper_bound":216.21068237382465},"point_estimate":132.2312882432265,"standard_error":56.860173664629464}}