{"mean":{"confidence_interval":{"confidence_level":0.95,"lower_bound":-0.006632189598065943,"upper_bound":-0.0038601185107916026},"point_estimate":-0.005179305904792986,"standard_error":0.0007057235846424725},"median":{"confidence_interval":{"confidence_level":0.95,"lower_bound":-0.003508615793350779,"upper_bound":-0.001025277256079704},"point_estimate":-0.001812691146095502,"standard_error":0.0006887952226749884}}