{"mean":{"confidence_interval":{"confidence_level":0.95,"lower_bound":-0.00415962643788783,"upper_bound":0.012152632473348197},"point_estimate":0.004009897709248422,"standard_error":0.004155166096559442},"median":{"confidence_interval":{"confidence_level":0.95,"lower_bound":-0.005215190187936702,"upper_bound":0.023036628023808348},"point_estimate":0.005940750315337473,"standard_error":0.006762775612528074}}