{"mean":{"confidence_interval":{"confidence_level":0.95,"lower_bound":-0.04919658299094487,"upper_bound":-0.04055180576530485},"point_estimate":-0.04480696223486269,"standard_error":0.002206675665103249},"median":{"confidence_interval":{"confidence_level":0.95,"lower_bound":-0.047558146417496006,"upper_bound":-0.038656536450354495},"point_estimate":-0.04254436038685028,"standard_error":0.0025062331392539405}}