{"mean":{"confidence_interval":{"confidence_level":0.95,"lower_bound":94.70376513831127,"upper_bound":95.94397412285652},"point_estimate":95.31586415067233,"standard_error":0.3157967431485044},"median":{"confidence_interval":{"confidence_level":0.95,"lower_bound":94.68622510295796,"upper_bound":95.19490215307086},"point_estimate":94.78820084898524,"standard_error":0.1581077388831796},"median_abs_dev":{"confidence_interval":{"confidence_level":0.95,"lower_bound":3.285940459876165,"upper_bound":4.7172872878790155},"point_estimate":4.664838026987728,"standard_error":0.370957992984555},"slope":{"confidence_interval":{"confidence_level":0.95,"lower_bound":93.93047262592204,"upper_bound":95.25270139570247},"point_estimate":94.5783111773118,"standard_error":0.33680012656802116},"std_dev":{"confidence_interval":{"confidence_level":0.95,"lower_bound":2.804475545202387,"upper_bound":3.489177401584138},"point_estimate":3.1728843088883565,"standard_error":0.1746593029472817}}