{"mean":{"confidence_interval":{"confidence_level":0.95,"lower_bound":14.402297148894098,"upper_bound":14.553087587499773},"point_estimate":14.468587016442877,"standard_error":0.03866195843861346},"median":{"confidence_interval":{"confidence_level":0.95,"lower_bound":14.319285108277683,"upper_bound":14.360682342339931},"point_estimate":14.334497032288553,"standard_error":0.012725650846769668},"median_abs_dev":{"confidence_interval":{"confidence_level":0.95,"lower_bound":0.03376924176850088,"upper_bound":0.09354300633771016},"point_estimate":0.055900432688819834,"standard_error":0.018436980271612443},"slope":{"confidence_interval":{"confidence_level":0.95,"lower_bound":14.391820995365023,"upper_bound":14.672672391954935},"point_estimate":14.508456019506168,"standard_error":0.0738291277982102},"std_dev":{"confidence_interval":{"confidence_level":0.95,"lower_bound":0.16667191645203247,"upper_bound":0.5715054457243726},"point_estimate":0.389463432636245,"standard_error":0.10588307591127749}}