{"mean":{"confidence_interval":{"confidence_level":0.95,"lower_bound":0.003922967624211079,"upper_bound":0.022957957515516013},"point_estimate":0.013411799396187085,"standard_error":0.004875441531732551},"median":{"confidence_interval":{"confidence_level":0.95,"lower_bound":-0.005559735481328931,"upper_bound":0.029507409603407808},"point_estimate":0.014840749222524874,"standard_error":0.008664966070051851}}