{"mean":{"confidence_interval":{"confidence_level":0.95,"lower_bound":-0.03777145984684761,"upper_bound":-0.025671478419202587},"point_estimate":-0.03011359934250235,"standard_error":0.003438999141814383},"median":{"confidence_interval":{"confidence_level":0.95,"lower_bound":-0.027845509623908415,"upper_bound":-0.025670086338955983},"point_estimate":-0.026781420279781698,"standard_error":0.0005446814907477225}}