{"mean":{"confidence_interval":{"confidence_level":0.95,"lower_bound":-0.008065049403856718,"upper_bound":0.011959163014506924},"point_estimate":0.002517485039517542,"standard_error":0.005018554492524086},"median":{"confidence_interval":{"confidence_level":0.95,"lower_bound":0.0014503760770008622,"upper_bound":0.0035504079030739266},"point_estimate":0.0025170629976811743,"standard_error":0.0005297298440496969}}