{"mean":{"confidence_interval":{"confidence_level":0.95,"lower_bound":1452.933951732695,"upper_bound":1457.477318325279},"point_estimate":1455.0050159019922,"standard_error":1.1644466743135713},"median":{"confidence_interval":{"confidence_level":0.95,"lower_bound":1451.411326277684,"upper_bound":1454.1995150242487},"point_estimate":1452.5070261596811,"standard_error":0.7074379191641371},"median_abs_dev":{"confidence_interval":{"confidence_level":0.95,"lower_bound":3.5207424585056506,"upper_bound":6.9065566719588665},"point_estimate":5.326931412002411,"standard_error":0.8034205374326303},"slope":{"confidence_interval":{"confidence_level":0.95,"lower_bound":1451.9482842425505,"upper_bound":1453.8641115576131},"point_estimate":1452.843391414957,"standard_error":0.4862672135745688},"std_dev":{"confidence_interval":{"confidence_level":0.95,"lower_bound":7.038634441800018,"upper_bound":16.691519608210147},"point_estimate":11.690252287558824,"standard_error":2.7419722569536202}}