{"mean":{"confidence_interval":{"confidence_level":0.95,"lower_bound":-0.14144086636849101,"upper_bound":-0.10004315988942657},"point_estimate":-0.11709428944511224,"standard_error":0.010867146320547449},"median":{"confidence_interval":{"confidence_level":0.95,"lower_bound":-0.10438813067871032,"upper_bound":-0.09881506012489118},"point_estimate":-0.09911766577229986,"standard_error":0.0018833746547739067}}