{"mean":{"confidence_interval":{"confidence_level":0.95,"lower_bound":0.04551342802952276,"upper_bound":0.05880382053422037},"point_estimate":0.05186875115462741,"standard_error":0.0034074251865852936},"median":{"confidence_interval":{"confidence_level":0.95,"lower_bound":0.04517887374622198,"upper_bound":0.05450745027487591},"point_estimate":0.04733516412728189,"standard_error":0.00231006227530836}}