{"mean":{"confidence_interval":{"confidence_level":0.95,"lower_bound":-0.027763687050344772,"upper_bound":-0.011294430280820075},"point_estimate":-0.019796959138097536,"standard_error":0.0041942928515056235},"median":{"confidence_interval":{"confidence_level":0.95,"lower_bound":-0.03284479940363805,"upper_bound":-0.0024794274637096603},"point_estimate":-0.015416948855226598,"standard_error":0.008283300246868573}}