{"mean":{"confidence_interval":{"confidence_level":0.95,"lower_bound":6.883295743072397,"upper_bound":6.957442676531841},"point_estimate":6.915107430781514,"standard_error":0.019174277056038865},"median":{"confidence_interval":{"confidence_level":0.95,"lower_bound":6.854299344408832,"upper_bound":6.87914589766103},"point_estimate":6.863650150562425,"standard_error":0.006363784240437076},"median_abs_dev":{"confidence_interval":{"confidence_level":0.95,"lower_bound":0.02832729485314072,"upper_bound":0.0547489083345161},"point_estimate":0.03859363474118826,"standard_error":0.006983848676089005},"slope":{"confidence_interval":{"confidence_level":0.95,"lower_bound":6.86507305985374,"upper_bound":6.884798302033737},"point_estimate":6.8743931381801495,"standard_error":0.005029381429657631},"std_dev":{"confidence_interval":{"confidence_level":0.95,"lower_bound":0.06781250968025214,"upper_bound":0.2912414420295233},"point_estimate":0.19176729178629479,"standard_error":0.059670741430905755}}