{"mean":{"confidence_interval":{"confidence_level":0.95,"lower_bound":-0.012851768519487172,"upper_bound":-0.009197102621138454},"point_estimate":-0.0111005847458151,"standard_error":0.0009118302013545946},"median":{"confidence_interval":{"confidence_level":0.95,"lower_bound":-0.01000068545941002,"upper_bound":-0.009215214121839232},"point_estimate":-0.0096016382480123,"standard_error":0.00021587161904138352}}