{"mean":{"confidence_interval":{"confidence_level":0.95,"lower_bound":0.1064202942796603,"upper_bound":0.10955280885730323},"point_estimate":0.10779427922708873,"standard_error":0.0007973058365298002},"median":{"confidence_interval":{"confidence_level":0.95,"lower_bound":0.10484800558805296,"upper_bound":0.1049180887209098},"point_estimate":0.10487122149160744,"standard_error":0.00001962106494578469}}