{"mean":{"confidence_interval":{"confidence_level":0.95,"lower_bound":-0.03205628877368895,"upper_bound":-0.001233534290192668},"point_estimate":-0.014432483348399416,"standard_error":0.007985573604847954},"median":{"confidence_interval":{"confidence_level":0.95,"lower_bound":-0.000900344935028996,"upper_bound":0.000625048982327403},"point_estimate":0.00007928766227638384,"standard_error":0.00038620090977353066}}