{"mean":{"confidence_interval":{"confidence_level":0.95,"lower_bound":-0.02208781998695591,"upper_bound":-0.016737018527028975},"point_estimate":-0.018757383310080367,"standard_error":0.0014882087809605013},"median":{"confidence_interval":{"confidence_level":0.95,"lower_bound":-0.01827274730431039,"upper_bound":-0.017410569588163338},"point_estimate":-0.01781310645410472,"standard_error":0.00020487634209743582}}