{"mean":{"confidence_interval":{"confidence_level":0.95,"lower_bound":-0.0046541000484339136,"upper_bound":0.0013420510520653782},"point_estimate":-0.0014325951917693036,"standard_error":0.0015274623507899076},"median":{"confidence_interval":{"confidence_level":0.95,"lower_bound":-0.002479161526746876,"upper_bound":0.0023079387717708233},"point_estimate":-0.0004514852332136998,"standard_error":0.0011793926706225439}}