{"mean":{"confidence_interval":{"confidence_level":0.95,"lower_bound":0.10327996760232475,"upper_bound":0.20598835693916126},"point_estimate":0.14726476036660752,"standard_error":0.026368377396754232},"median":{"confidence_interval":{"confidence_level":0.95,"lower_bound":0.07614570736666648,"upper_bound":0.12100678252563912},"point_estimate":0.0972678201052728,"standard_error":0.011727077243807983}}