{"mean":{"confidence_interval":{"confidence_level":0.95,"lower_bound":-0.0778232788323213,"upper_bound":-0.06573233138170465},"point_estimate":-0.07171171916272467,"standard_error":0.0030677698463844635},"median":{"confidence_interval":{"confidence_level":0.95,"lower_bound":-0.07726235356602695,"upper_bound":-0.06677692716582329},"point_estimate":-0.0680232915128679,"standard_error":0.0028165246794995442}}