{"mean":{"confidence_interval":{"confidence_level":0.95,"lower_bound":-0.025257946706139053,"upper_bound":-0.015235799811937678},"point_estimate":-0.02017774986856702,"standard_error":0.0025658851003126162},"median":{"confidence_interval":{"confidence_level":0.95,"lower_bound":-0.02355527180246408,"upper_bound":0.009063254974802426},"point_estimate":0.005959508457932472,"standard_error":0.013376228604296693}}