{"mean":{"confidence_interval":{"confidence_level":0.95,"lower_bound":0.049635324591491496,"upper_bound":0.06903441677597053},"point_estimate":0.05952805052898347,"standard_error":0.004968954927531425},"median":{"confidence_interval":{"confidence_level":0.95,"lower_bound":0.06054486585992502,"upper_bound":0.0734184654614356},"point_estimate":0.07178893040074041,"standard_error":0.0038263384178123974}}