{"mean":{"confidence_interval":{"confidence_level":0.95,"lower_bound":-0.035331299293344165,"upper_bound":-0.016769318731402114},"point_estimate":-0.026029490728969318,"standard_error":0.004741302923054178},"median":{"confidence_interval":{"confidence_level":0.95,"lower_bound":-0.03502397533765422,"upper_bound":-0.018956475769959402},"point_estimate":-0.03411511066295858,"standard_error":0.005248404236206567}}