{"mean":{"confidence_interval":{"confidence_level":0.95,"lower_bound":16.526472585385967,"upper_bound":16.605429478368293},"point_estimate":16.562758505074175,"standard_error":0.020181150024963627},"median":{"confidence_interval":{"confidence_level":0.95,"lower_bound":16.487882966201447,"upper_bound":16.538410061826326},"point_estimate":16.50948407117272,"standard_error":0.011676085160656944},"median_abs_dev":{"confidence_interval":{"confidence_level":0.95,"lower_bound":0.0731024491296644,"upper_bound":0.1356019632513568},"point_estimate":0.10195437091288952,"standard_error":0.015774915959485648},"slope":{"confidence_interval":{"confidence_level":0.95,"lower_bound":16.48860953169466,"upper_bound":16.56675344853978},"point_estimate":16.521442151795068,"standard_error":0.020351115002314773},"std_dev":{"confidence_interval":{"confidence_level":0.95,"lower_bound":0.12215934996720562,"upper_bound":0.2878428186229764},"point_estimate":0.20435094525860603,"standard_error":0.043831922499556954}}