{"mean":{"confidence_interval":{"confidence_level":0.95,"lower_bound":16.633286233649777,"upper_bound":16.670953909802584},"point_estimate":16.65060096485978,"standard_error":0.00964030459440367},"median":{"confidence_interval":{"confidence_level":0.95,"lower_bound":16.620169496618942,"upper_bound":16.641402238868782},"point_estimate":16.633701882751076,"standard_error":0.004999036196445998},"median_abs_dev":{"confidence_interval":{"confidence_level":0.95,"lower_bound":0.040242205952304516,"upper_bound":0.06984110521154989},"point_estimate":0.05027134122919511,"standard_error":0.007321073166473832},"slope":{"confidence_interval":{"confidence_level":0.95,"lower_bound":16.624891113254762,"upper_bound":16.661052498791395},"point_estimate":16.64248160212785,"standard_error":0.00923766641226405},"std_dev":{"confidence_interval":{"confidence_level":0.95,"lower_bound":0.05594058228842302,"upper_bound":0.13686270596513345},"point_estimate":0.09700502890780247,"standard_error":0.021544940942549353}}