{"mean":{"confidence_interval":{"confidence_level":0.95,"lower_bound":-0.021891721810188523,"upper_bound":-0.01658203105311359},"point_estimate":-0.01918777156419771,"standard_error":0.0013527651254979414},"median":{"confidence_interval":{"confidence_level":0.95,"lower_bound":-0.020777234218385246,"upper_bound":-0.012266279688279497},"point_estimate":-0.014309239224696402,"standard_error":0.002040566069848275}}