{"mean":{"confidence_interval":{"confidence_level":0.95,"lower_bound":0.005608878968265885,"upper_bound":0.010526373332856664},"point_estimate":0.008325738945816674,"standard_error":0.001258526552873787},"median":{"confidence_interval":{"confidence_level":0.95,"lower_bound":0.007778267852926346,"upper_bound":0.009623022319089403},"point_estimate":0.008656890719947574,"standard_error":0.0004064494917946364}}