{"mean":{"confidence_interval":{"confidence_level":0.95,"lower_bound":-0.009740236305810489,"upper_bound":0.006435090548105967},"point_estimate":-0.001603526797934407,"standard_error":0.004112718521727849},"median":{"confidence_interval":{"confidence_level":0.95,"lower_bound":-0.007582104413600045,"upper_bound":0.016650216561862052},"point_estimate":0.0008591966325128819,"standard_error":0.0061100905140985306}}