{"mean":{"confidence_interval":{"confidence_level":0.95,"lower_bound":-0.001891468132898899,"upper_bound":0.0008380600259596527},"point_estimate":-0.00046740145518620047,"standard_error":0.0006976323711449355},"median":{"confidence_interval":{"confidence_level":0.95,"lower_bound":-0.00042344239123912834,"upper_bound":0.0012618266218081425},"point_estimate":0.0004701256045198665,"standard_error":0.00041804040378458547}}