{"mean":{"confidence_interval":{"confidence_level":0.95,"lower_bound":-0.022244919541340148,"upper_bound":-0.012746341460503973},"point_estimate":-0.018046616749371025,"standard_error":0.002426493357310829},"median":{"confidence_interval":{"confidence_level":0.95,"lower_bound":-0.023517421603711952,"upper_bound":-0.02317802151082826},"point_estimate":-0.023382446170899573,"standard_error":0.0000869757683585067}}