{"mean":{"confidence_interval":{"confidence_level":0.95,"lower_bound":-0.26619652909742564,"upper_bound":-0.23219941892046764},"point_estimate":-0.24861163148917054,"standard_error":0.008682388944493986},"median":{"confidence_interval":{"confidence_level":0.95,"lower_bound":-0.24137847593087935,"upper_bound":-0.22380874962322156},"point_estimate":-0.23203449932982867,"standard_error":0.004633481188357435}}