{"mean":{"confidence_interval":{"confidence_level":0.95,"lower_bound":-0.02753402189723537,"upper_bound":-0.016935100209805994},"point_estimate":-0.022010528021345843,"standard_error":0.0027146509254697537},"median":{"confidence_interval":{"confidence_level":0.95,"lower_bound":-0.01589200393007495,"upper_bound":-0.013314726576999725},"point_estimate":-0.014538873468847302,"standard_error":0.0006401982082408458}}