{"mean":{"confidence_interval":{"confidence_level":0.95,"lower_bound":-0.057744918920390555,"upper_bound":-0.04825157085155021},"point_estimate":-0.0529007274019897,"standard_error":0.0024285074423570597},"median":{"confidence_interval":{"confidence_level":0.95,"lower_bound":-0.052144417187181435,"upper_bound":-0.044012773351336576},"point_estimate":-0.04798062948751103,"standard_error":0.0022645035978252}}