{"mean":{"confidence_interval":{"confidence_level":0.95,"lower_bound":0.049116527684307014,"upper_bound":0.05030139997437063},"point_estimate":0.04974324459226098,"standard_error":0.0003069917234167062},"median":{"confidence_interval":{"confidence_level":0.95,"lower_bound":0.049129902102539535,"upper_bound":0.05013853225264486},"point_estimate":0.04957695875155732,"standard_error":0.0002992805470823415}}