{"mean":{"confidence_interval":{"confidence_level":0.95,"lower_bound":0.015369001597743365,"upper_bound":0.030583477737969843},"point_estimate":0.022627855583335466,"standard_error":0.0038386682645811182},"median":{"confidence_interval":{"confidence_level":0.95,"lower_bound":0.019077452289242753,"upper_bound":0.0240646540691678},"point_estimate":0.021648517638250597,"standard_error":0.0012788120252313455}}