{"mean":{"confidence_interval":{"confidence_level":0.95,"lower_bound":-0.03242247123275668,"upper_bound":-0.005262264300524249},"point_estimate":-0.01859182473846499,"standard_error":0.00694326692249622},"median":{"confidence_interval":{"confidence_level":0.95,"lower_bound":0.008170753111587548,"upper_bound":0.014937537201676676},"point_estimate":0.012558375620428608,"standard_error":0.0015051129071716178}}