{"mean":{"confidence_interval":{"confidence_level":0.95,"lower_bound":-0.010771252695485506,"upper_bound":0.006367532735859547},"point_estimate":-0.0020060569432156505,"standard_error":0.004372135420402965},"median":{"confidence_interval":{"confidence_level":0.95,"lower_bound":-0.011557537691818998,"upper_bound":0.008357686975971834},"point_estimate":-0.0016652912964970623,"standard_error":0.004903769084210567}}