{"mean":{"confidence_interval":{"confidence_level":0.95,"lower_bound":-0.09459626968835935,"upper_bound":-0.08364073263423362},"point_estimate":-0.08906588331979937,"standard_error":0.0028002649418574165},"median":{"confidence_interval":{"confidence_level":0.95,"lower_bound":-0.09164786958827209,"upper_bound":-0.07796310190595598},"point_estimate":-0.07822808911148105,"standard_error":0.00420912899332873}}