{"mean":{"confidence_interval":{"confidence_level":0.95,"lower_bound":120.32333988195361,"upper_bound":122.43025332495228},"point_estimate":121.38695249087195,"standard_error":0.5374640600331888},"median":{"confidence_interval":{"confidence_level":0.95,"lower_bound":120.1299142367067,"upper_bound":122.22829509808511},"point_estimate":121.0398253426691,"standard_error":0.6043842040168621},"median_abs_dev":{"confidence_interval":{"confidence_level":0.95,"lower_bound":3.137488073144497,"upper_bound":5.784342690123518},"point_estimate":4.365581790756771,"standard_error":0.6554124860955727},"slope":{"confidence_interval":{"confidence_level":0.95,"lower_bound":120.6389673776131,"upper_bound":122.62659153381509},"point_estimate":121.60436904362923,"standard_error":0.5061798704055787},"std_dev":{"confidence_interval":{"confidence_level":0.95,"lower_bound":4.4278089152814655,"upper_bound":6.267155839249052},"point_estimate":5.394704697158484,"standard_error":0.4701633390796171}}