{"mean":{"confidence_interval":{"confidence_level":0.95,"lower_bound":-0.08246441172458063,"upper_bound":-0.06786110565737488},"point_estimate":-0.07533802958720881,"standard_error":0.003717522852591414},"median":{"confidence_interval":{"confidence_level":0.95,"lower_bound":-0.08208139409568749,"upper_bound":-0.06963414231289355},"point_estimate":-0.08202352441810024,"standard_error":0.003198214419138071}}