{"mean":{"confidence_interval":{"confidence_level":0.95,"lower_bound":0.07394344322916782,"upper_bound":0.12197322263557696},"point_estimate":0.09179495520411196,"standard_error":0.012332101311430243},"median":{"confidence_interval":{"confidence_level":0.95,"lower_bound":0.0731601596607836,"upper_bound":0.09307562440512185},"point_estimate":0.07571596449024498,"standard_error":0.00473820133627587}}