{"mean":{"confidence_interval":{"confidence_level":0.95,"lower_bound":-0.07466561630768237,"upper_bound":-0.06332890510925698},"point_estimate":-0.06900667277225125,"standard_error":0.002888200447291285},"median":{"confidence_interval":{"confidence_level":0.95,"lower_bound":-0.08200209479347367,"upper_bound":-0.050379185608101174},"point_estimate":-0.06736348175682805,"standard_error":0.009628997812537171}}