{"mean":{"confidence_interval":{"confidence_level":0.95,"lower_bound":0.030466491305306227,"upper_bound":0.04523235690894901},"point_estimate":0.03762027831371473,"standard_error":0.0038456190657402637},"median":{"confidence_interval":{"confidence_level":0.95,"lower_bound":0.03228741683552183,"upper_bound":0.04866975153626263},"point_estimate":0.04037643006235547,"standard_error":0.004026816057499665}}