{"mean":{"confidence_interval":{"confidence_level":0.95,"lower_bound":-0.04771105608894789,"upper_bound":-0.03193836518483626},"point_estimate":-0.04004409716816659,"standard_error":0.0040107743176351004},"median":{"confidence_interval":{"confidence_level":0.95,"lower_bound":-0.05967970567144032,"upper_bound":-0.033272091025712935},"point_estimate":-0.04617428015589653,"standard_error":0.007743876420789222}}