{"mean":{"confidence_interval":{"confidence_level":0.95,"lower_bound":-0.13184920781957624,"upper_bound":-0.05116381707471566},"point_estimate":-0.08898836814034317,"standard_error":0.020771197819660688},"median":{"confidence_interval":{"confidence_level":0.95,"lower_bound":-0.07043224959019279,"upper_bound":-0.03608044527058152},"point_estimate":-0.05562393826545986,"standard_error":0.009128036337635446}}