{"mean":{"confidence_interval":{"confidence_level":0.95,"lower_bound":-0.0017259775352380456,"upper_bound":0.01811066935689935},"point_estimate":0.008072414744628054,"standard_error":0.005032713578197093},"median":{"confidence_interval":{"confidence_level":0.95,"lower_bound":-0.017829074300516057,"upper_bound":0.0324063842822464},"point_estimate":0.005368228234625683,"standard_error":0.013167335084583226}}