{"mean":{"confidence_interval":{"confidence_level":0.95,"lower_bound":0.010610631832431678,"upper_bound":0.013420589697788352},"point_estimate":0.012040018957816034,"standard_error":0.0007204308500833222},"median":{"confidence_interval":{"confidence_level":0.95,"lower_bound":0.012336293188122571,"upper_bound":0.014359709284639359},"point_estimate":0.013199542394981334,"standard_error":0.0005508218286246653}}