{"mean":{"confidence_interval":{"confidence_level":0.95,"lower_bound":-0.13099423411461383,"upper_bound":-0.08847810476139195},"point_estimate":-0.10932656856940615,"standard_error":0.010818504131433529},"median":{"confidence_interval":{"confidence_level":0.95,"lower_bound":-0.05504110996977818,"upper_bound":-0.05129796620839844},"point_estimate":-0.05288659653843464,"standard_error":0.000935416139764128}}