{"mean":{"confidence_interval":{"confidence_level":0.95,"lower_bound":-0.010238346033349837,"upper_bound":0.009737477454189302},"point_estimate":-0.0003047752111955404,"standard_error":0.005064423462660824},"median":{"confidence_interval":{"confidence_level":0.95,"lower_bound":-0.0005845142824659755,"upper_bound":0.00557789438117795},"point_estimate":0.002223275413658854,"standard_error":0.001422918029829603}}