{"mean":{"confidence_interval":{"confidence_level":0.95,"lower_bound":-0.016454338537298177,"upper_bound":-0.00924666906010096},"point_estimate":-0.012658794976021959,"standard_error":0.00184474568628423},"median":{"confidence_interval":{"confidence_level":0.95,"lower_bound":-0.013947123535505757,"upper_bound":-0.009142482181417444},"point_estimate":-0.011428511336222025,"standard_error":0.0012085470154877612}}