{"mean":{"confidence_interval":{"confidence_level":0.95,"lower_bound":-0.02313588864926136,"upper_bound":-0.0057274741094036925},"point_estimate":-0.014445061890646094,"standard_error":0.004429524606359601},"median":{"confidence_interval":{"confidence_level":0.95,"lower_bound":-0.034187826710281255,"upper_bound":-0.0012524648000917793},"point_estimate":-0.01849233867114808,"standard_error":0.009245908499855219}}