{"mean":{"confidence_interval":{"confidence_level":0.95,"lower_bound":0.04091177459070095,"upper_bound":0.07735188046372278},"point_estimate":0.05480808999762288,"standard_error":0.009267595768290433},"median":{"confidence_interval":{"confidence_level":0.95,"lower_bound":0.0343913372287914,"upper_bound":0.0745717718113732},"point_estimate":0.05672658766134786,"standard_error":0.01007673230004691}}