{"mean":{"confidence_interval":{"confidence_level":0.95,"lower_bound":-0.020524662038281884,"upper_bound":-0.017728152928231704},"point_estimate":-0.019099175975833993,"standard_error":0.0007156089213533167},"median":{"confidence_interval":{"confidence_level":0.95,"lower_bound":-0.01935700127131046,"upper_bound":-0.016640515219885528},"point_estimate":-0.018172294904124642,"standard_error":0.0006807176384426452}}