{"mean":{"confidence_interval":{"confidence_level":0.95,"lower_bound":-0.09839377138610132,"upper_bound":-0.06522414936582861},"point_estimate":-0.08184167245745266,"standard_error":0.00845790055926968},"median":{"confidence_interval":{"confidence_level":0.95,"lower_bound":-0.04696586495674985,"upper_bound":-0.025799547211649343},"point_estimate":-0.036847772037123416,"standard_error":0.005492018591805729}}