{"mean":{"confidence_interval":{"confidence_level":0.95,"lower_bound":-0.07665018871369209,"upper_bound":-0.032462000349852},"point_estimate":-0.05120081899600937,"standard_error":0.011497578565913344},"median":{"confidence_interval":{"confidence_level":0.95,"lower_bound":-0.04903950650186495,"upper_bound":-0.0296197713482651},"point_estimate":-0.033690599896002094,"standard_error":0.0042181312777348524}}