{"mean":{"confidence_interval":{"confidence_level":0.95,"lower_bound":2735.5816593482964,"upper_bound":2743.06350843976},"point_estimate":2738.7246678886854,"standard_error":1.9366481802002802},"median":{"confidence_interval":{"confidence_level":0.95,"lower_bound":2732.1480015829047,"upper_bound":2734.746944761284},"point_estimate":2733.3834331911976,"standard_error":0.5837934173692734},"median_abs_dev":{"confidence_interval":{"confidence_level":0.95,"lower_bound":3.959230551400583,"upper_bound":7.294758262466117},"point_estimate":5.968754724270026,"standard_error":0.87785216810528},"slope":{"confidence_interval":{"confidence_level":0.95,"lower_bound":2733.889254678842,"upper_bound":2739.1179523890632},"point_estimate":2736.296923852802,"standard_error":1.33973423190674},"std_dev":{"confidence_interval":{"confidence_level":0.95,"lower_bound":8.973411565482934,"upper_bound":30.27108233196287},"point_estimate":19.524657483957018,"standard_error":6.691680624193649}}