{"mean":{"confidence_interval":{"confidence_level":0.95,"lower_bound":-0.05932435633044536,"upper_bound":-0.052205347348371345},"point_estimate":-0.055884838681711124,"standard_error":0.0018201357618340616},"median":{"confidence_interval":{"confidence_level":0.95,"lower_bound":-0.0611882488138977,"upper_bound":-0.05427363529917539},"point_estimate":-0.056925175755079827,"standard_error":0.0018103706972415522}}