{"mean":{"confidence_interval":{"confidence_level":0.95,"lower_bound":-0.013712292594414364,"upper_bound":0.005772217607394191},"point_estimate":-0.004031781489767239,"standard_error":0.004993209888029522},"median":{"confidence_interval":{"confidence_level":0.95,"lower_bound":-0.009180398742149043,"upper_bound":0.002015435849038516},"point_estimate":-0.0012390757084456139,"standard_error":0.00291435387270426}}