{"mean":{"confidence_interval":{"confidence_level":0.95,"lower_bound":-0.002897567339123497,"upper_bound":0.0032403601198908024},"point_estimate":-0.00013482787769147908,"standard_error":0.0015267894446348942},"median":{"confidence_interval":{"confidence_level":0.95,"lower_bound":-0.005025994619372032,"upper_bound":-0.0018276841465940663},"point_estimate":-0.003386039776759997,"standard_error":0.0007498511161245891}}