{"mean":{"confidence_interval":{"confidence_level":0.95,"lower_bound":0.006784086003640202,"upper_bound":0.01928830884177124},"point_estimate":0.01333028959775917,"standard_error":0.0031923155140929993},"median":{"confidence_interval":{"confidence_level":0.95,"lower_bound":0.018063291071748425,"upper_bound":0.026039903203254847},"point_estimate":0.022526711696884805,"standard_error":0.001953025640972524}}