{"mean":{"confidence_interval":{"confidence_level":0.95,"lower_bound":-0.04394145827605303,"upper_bound":-0.033472920116350155},"point_estimate":-0.038589031817038544,"standard_error":0.0026639924546237254},"median":{"confidence_interval":{"confidence_level":0.95,"lower_bound":-0.03764202256917699,"upper_bound":-0.02532794558193996},"point_estimate":-0.03219395527889479,"standard_error":0.0030651801655896356}}