{"mean":{"confidence_interval":{"confidence_level":0.95,"lower_bound":-0.3431997299158001,"upper_bound":-0.3320251273436779},"point_estimate":-0.3374503368783862,"standard_error":0.002851653197295116},"median":{"confidence_interval":{"confidence_level":0.95,"lower_bound":-0.33565797367375183,"upper_bound":-0.32707640598730314},"point_estimate":-0.33187930483750694,"standard_error":0.0024788385580961285}}