{"mean":{"confidence_interval":{"confidence_level":0.95,"lower_bound":-0.027890188560018014,"upper_bound":-0.023215384326478877},"point_estimate":-0.025546718845842253,"standard_error":0.0011955715810456076},"median":{"confidence_interval":{"confidence_level":0.95,"lower_bound":-0.02766809291069805,"upper_bound":-0.022237770329549433},"point_estimate":-0.024041084696138415,"standard_error":0.0013432004321055882}}