{"mean":{"confidence_interval":{"confidence_level":0.95,"lower_bound":-0.12442472022283517,"upper_bound":-0.12124211517417248},"point_estimate":-0.12312186227958166,"standard_error":0.0007694335113700852},"median":{"confidence_interval":{"confidence_level":0.95,"lower_bound":-0.12526307842302764,"upper_bound":-0.12361161718714972},"point_estimate":-0.12460090424928716,"standard_error":0.00039968604850884354}}