{"mean":{"confidence_interval":{"confidence_level":0.95,"lower_bound":15.23455415202325,"upper_bound":15.247538896421705},"point_estimate":15.240234116291091,"standard_error":0.003349325746502805},"median":{"confidence_interval":{"confidence_level":0.95,"lower_bound":15.230201674884295,"upper_bound":15.23489849890364},"point_estimate":15.231726373190154,"standard_error":0.001048593059532637},"median_abs_dev":{"confidence_interval":{"confidence_level":0.95,"lower_bound":0.00577657068182436,"upper_bound":0.010382155568532595},"point_estimate":0.007053219074232215,"standard_error":0.0011385553256039456},"slope":{"confidence_interval":{"confidence_level":0.95,"lower_bound":15.233695855394627,"upper_bound":15.253618294928472},"point_estimate":15.241341267813883,"standard_error":0.0053679934212042795},"std_dev":{"confidence_interval":{"confidence_level":0.95,"lower_bound":0.012502488711838379,"upper_bound":0.04988738509799473},"point_estimate":0.03363327361355359,"standard_error":0.009652282021820639}}