{"mean":{"confidence_interval":{"confidence_level":0.95,"lower_bound":-0.0018919151360425922,"upper_bound":0.0155623168256993},"point_estimate":0.005829035173771313,"standard_error":0.004333507409081467},"median":{"confidence_interval":{"confidence_level":0.95,"lower_bound":0.0021196793919469664,"upper_bound":0.006224428900102298},"point_estimate":0.0037247507032602822,"standard_error":0.000980329512896841}}