{"mean":{"confidence_interval":{"confidence_level":0.95,"lower_bound":-0.020232308839336584,"upper_bound":-0.009075960632198614},"point_estimate":-0.013730893252639431,"standard_error":0.0029035186466831076},"median":{"confidence_interval":{"confidence_level":0.95,"lower_bound":-0.010991954176954866,"upper_bound":-0.008019132119902794},"point_estimate":-0.009767970816432214,"standard_error":0.0007867535886565383}}