{"mean":{"confidence_interval":{"confidence_level":0.95,"lower_bound":-0.02091654752317048,"upper_bound":-0.017665039412868656},"point_estimate":-0.019170122115891308,"standard_error":0.0008305071142846149},"median":{"confidence_interval":{"confidence_level":0.95,"lower_bound":-0.02119812979374347,"upper_bound":-0.019603878895733007},"point_estimate":-0.020686867413609034,"standard_error":0.0004223815971862215}}