{"mean":{"confidence_interval":{"confidence_level":0.95,"lower_bound":0.019973027575356163,"upper_bound":0.03336961629786534},"point_estimate":0.026943151950401534,"standard_error":0.00341139786981999},"median":{"confidence_interval":{"confidence_level":0.95,"lower_bound":0.003109359856907856,"upper_bound":0.036197379402673535},"point_estimate":0.011617042470252414,"standard_error":0.00953413560948409}}