{"mean":{"confidence_interval":{"confidence_level":0.95,"lower_bound":-0.12384368601183436,"upper_bound":-0.09418791872109347},"point_estimate":-0.10690789767729914,"standard_error":0.0076725589595304546},"median":{"confidence_interval":{"confidence_level":0.95,"lower_bound":-0.10682889237039728,"upper_bound":-0.08284220186219769},"point_estimate":-0.09095773745195934,"standard_error":0.006825694257382747}}