{"mean":{"confidence_interval":{"confidence_level":0.95,"lower_bound":-0.15172355828905695,"upper_bound":-0.12979618507602642},"point_estimate":-0.13902363163451392,"standard_error":0.00567754685926824},"median":{"confidence_interval":{"confidence_level":0.95,"lower_bound":-0.146323665631237,"upper_bound":-0.12340049766091554},"point_estimate":-0.14012639052829723,"standard_error":0.007448056277419045}}