{"mean":{"confidence_interval":{"confidence_level":0.95,"lower_bound":0.04677902620796197,"upper_bound":0.06402287122640088},"point_estimate":0.05519488535014627,"standard_error":0.004323661682632931},"median":{"confidence_interval":{"confidence_level":0.95,"lower_bound":0.053662835371750095,"upper_bound":0.06949826730368214},"point_estimate":0.062339484326251915,"standard_error":0.004062119243350918}}