{"mean":{"confidence_interval":{"confidence_level":0.95,"lower_bound":-0.0697739015382017,"upper_bound":-0.05735368163895694},"point_estimate":-0.06366511746304926,"standard_error":0.0031691701165053494},"median":{"confidence_interval":{"confidence_level":0.95,"lower_bound":-0.06899817743547414,"upper_bound":-0.04974043567048925},"point_estimate":-0.059063435530077535,"standard_error":0.004778819186549928}}