{"mean":{"confidence_interval":{"confidence_level":0.95,"lower_bound":0.2736911107509029,"upper_bound":0.2865871529129937},"point_estimate":0.28032561318073346,"standard_error":0.003291966482145873},"median":{"confidence_interval":{"confidence_level":0.95,"lower_bound":0.2798258870082184,"upper_bound":0.29271959987648555},"point_estimate":0.2858793446229029,"standard_error":0.0034598047887830293}}