{"mean":{"confidence_interval":{"confidence_level":0.95,"lower_bound":14.263714837625752,"upper_bound":14.313296676889541},"point_estimate":14.287729123143322,"standard_error":0.012668508245567096},"median":{"confidence_interval":{"confidence_level":0.95,"lower_bound":14.24304575715925,"upper_bound":14.28671914126561},"point_estimate":14.269054860288708,"standard_error":0.01192928787480255},"median_abs_dev":{"confidence_interval":{"confidence_level":0.95,"lower_bound":0.07329752512834199,"upper_bound":0.1278637446911822},"point_estimate":0.10201732012992684,"standard_error":0.013979727038384305},"slope":{"confidence_interval":{"confidence_level":0.95,"lower_bound":14.250093696316512,"upper_bound":14.290295981038668},"point_estimate":14.269916750250992,"standard_error":0.010299485778370152},"std_dev":{"confidence_interval":{"confidence_level":0.95,"lower_bound":0.10339907115398576,"upper_bound":0.15015693951785336},"point_estimate":0.12744733311807793,"standard_error":0.011955748995142446}}