{"mean":{"confidence_interval":{"confidence_level":0.95,"lower_bound":47.79337515980282,"upper_bound":48.02452570417743},"point_estimate":47.897098163953096,"standard_error":0.059286541582741895},"median":{"confidence_interval":{"confidence_level":0.95,"lower_bound":47.70214178875569,"upper_bound":47.72912880734758},"point_estimate":47.72644920651064,"standard_error":0.0069851441535576765},"median_abs_dev":{"confidence_interval":{"confidence_level":0.95,"lower_bound":0.031780434383476844,"upper_bound":0.060433853725490885},"point_estimate":0.05358734495332725,"standard_error":0.007117183403262228},"slope":{"confidence_interval":{"confidence_level":0.95,"lower_bound":47.72241670989427,"upper_bound":47.78178628222968},"point_estimate":47.747723455601665,"standard_error":0.01533641181778262},"std_dev":{"confidence_interval":{"confidence_level":0.95,"lower_bound":0.30688716626315005,"upper_bound":0.81314035355231},"point_estimate":0.592716901968339,"standard_error":0.12863500384974574}}