{"mean":{"confidence_interval":{"confidence_level":0.95,"lower_bound":12860.298151229204,"upper_bound":12907.565441108149},"point_estimate":12883.454386051186,"standard_error":12.054005630161887},"median":{"confidence_interval":{"confidence_level":0.95,"lower_bound":12825.642067124332,"upper_bound":12855.870094328286},"point_estimate":12839.611678052228,"standard_error":7.662347757399474},"median_abs_dev":{"confidence_interval":{"confidence_level":0.95,"lower_bound":49.83113774928342,"upper_bound":117.94474223597257},"point_estimate":72.57911276108504,"standard_error":18.27666376156306},"slope":{"confidence_interval":{"confidence_level":0.95,"lower_bound":12796.70783089285,"upper_bound":12827.316048605897},"point_estimate":12811.669140877168,"standard_error":7.81014681373888},"std_dev":{"confidence_interval":{"confidence_level":0.95,"lower_bound":105.50332210968526,"upper_bound":133.31218696331513},"point_estimate":120.96162655532112,"standard_error":7.096043781808481}}