{"mean":{"confidence_interval":{"confidence_level":0.95,"lower_bound":-0.24565219970954047,"upper_bound":-0.15447743153196994},"point_estimate":-0.19933880665574055,"standard_error":0.023400200555434555},"median":{"confidence_interval":{"confidence_level":0.95,"lower_bound":-0.13101229603710063,"upper_bound":-0.1143018509493795},"point_estimate":-0.11482506262677405,"standard_error":0.005494308578652958}}