{"mean":{"confidence_interval":{"confidence_level":0.95,"lower_bound":-0.03464907299908237,"upper_bound":-0.005151865822871054},"point_estimate":-0.01938691817281346,"standard_error":0.007584098412822372},"median":{"confidence_interval":{"confidence_level":0.95,"lower_bound":-0.04007706784893028,"upper_bound":-0.0010947437700865592},"point_estimate":-0.019300315485881625,"standard_error":0.010316069524225188}}