{"mean":{"confidence_interval":{"confidence_level":0.95,"lower_bound":476.56894223662545,"upper_bound":481.7187546520393},"point_estimate":479.13979252196435,"standard_error":1.3154229733298544},"median":{"confidence_interval":{"confidence_level":0.95,"lower_bound":473.95468154498786,"upper_bound":482.4295974238376},"point_estimate":474.49184109332873,"standard_error":2.576846085393593},"median_abs_dev":{"confidence_interval":{"confidence_level":0.95,"lower_bound":9.614482819902216,"upper_bound":23.393528342770423},"point_estimate":17.173234423927646,"standard_error":3.716643143084572},"slope":{"confidence_interval":{"confidence_level":0.95,"lower_bound":473.122549250629,"upper_bound":480.1814970234199},"point_estimate":476.5761369772186,"standard_error":1.7960736310356864},"std_dev":{"confidence_interval":{"confidence_level":0.95,"lower_bound":11.517992569336705,"upper_bound":14.782979718109916},"point_estimate":13.250997606363322,"standard_error":0.8355432753289002}}