{"mean":{"confidence_interval":{"confidence_level":0.95,"lower_bound":-0.032671338487865145,"upper_bound":0.00232808753281829},"point_estimate":-0.012272082331908463,"standard_error":0.009158782325496499},"median":{"confidence_interval":{"confidence_level":0.95,"lower_bound":-0.03423687465927783,"upper_bound":-0.00016408551973401408},"point_estimate":-0.02542546444182081,"standard_error":0.00914458452731419}}