{"mean":{"confidence_interval":{"confidence_level":0.95,"lower_bound":-0.03517531079661161,"upper_bound":-0.017008766235274864},"point_estimate":-0.02644135412777615,"standard_error":0.004604812508113753},"median":{"confidence_interval":{"confidence_level":0.95,"lower_bound":-0.04354827266362982,"upper_bound":-0.020795782583505625},"point_estimate":-0.03329921533059044,"standard_error":0.005812408956314624}}