{"mean":{"confidence_interval":{"confidence_level":0.95,"lower_bound":-0.040979805880319,"upper_bound":-0.02608712484610552},"point_estimate":-0.0336389850290183,"standard_error":0.0038171679913635037},"median":{"confidence_interval":{"confidence_level":0.95,"lower_bound":-0.037354421583023156,"upper_bound":-0.027131802406978767},"point_estimate":-0.029013347281977353,"standard_error":0.002626983536201708}}