{"mean":{"confidence_interval":{"confidence_level":0.95,"lower_bound":-0.032340652037984266,"upper_bound":-0.013733131263591051},"point_estimate":-0.02275311697186322,"standard_error":0.004737397386871126},"median":{"confidence_interval":{"confidence_level":0.95,"lower_bound":-0.03814991024577463,"upper_bound":-0.015993201634325493},"point_estimate":-0.020313884144337657,"standard_error":0.006839515322051926}}