{"mean":{"confidence_interval":{"confidence_level":0.95,"lower_bound":-0.2301465188121075,"upper_bound":-0.20601328342701364},"point_estimate":-0.2172486658819267,"standard_error":0.006171068929843316},"median":{"confidence_interval":{"confidence_level":0.95,"lower_bound":-0.23197764008753996,"upper_bound":-0.20532392200023397},"point_estimate":-0.22143442829654725,"standard_error":0.006487349113293433}}