{"mean":{"confidence_interval":{"confidence_level":0.95,"lower_bound":-0.019496549421673684,"upper_bound":-0.004354045199395085},"point_estimate":-0.011626341427007358,"standard_error":0.003872466242422242},"median":{"confidence_interval":{"confidence_level":0.95,"lower_bound":0.0038618760131850617,"upper_bound":0.008194268944902383},"point_estimate":0.00628242399591139,"standard_error":0.0012416966707974348}}