{"mean":{"confidence_interval":{"confidence_level":0.95,"lower_bound":0.007211384190019777,"upper_bound":0.026242012805663257},"point_estimate":0.016739445125399044,"standard_error":0.0048813019362739275},"median":{"confidence_interval":{"confidence_level":0.95,"lower_bound":0.00015924129147437682,"upper_bound":0.028471667923542165},"point_estimate":0.009206482872468724,"standard_error":0.007783896059465387}}