{"mean":{"confidence_interval":{"confidence_level":0.95,"lower_bound":-0.0018654426311243116,"upper_bound":0.0001198258211755898},"point_estimate":-0.0005590737930188938,"standard_error":0.0006300923731216667},"median":{"confidence_interval":{"confidence_level":0.95,"lower_bound":-0.000012363235754597746,"upper_bound":4.448897351849723e-6},"point_estimate":-4.15347775595265e-6,"standard_error":4.348349351436092e-6}}