{"mean":{"confidence_interval":{"confidence_level":0.95,"lower_bound":-0.0004530090664921406,"upper_bound":0.01775658330063474},"point_estimate":0.008558461606777978,"standard_error":0.004614184882884542},"median":{"confidence_interval":{"confidence_level":0.95,"lower_bound":-0.0003196219597989547,"upper_bound":0.009433691963961488},"point_estimate":0.0011187956340896754,"standard_error":0.0032136285100419393}}