{"mean":{"confidence_interval":{"confidence_level":0.95,"lower_bound":0.07246700719550095,"upper_bound":0.07659751404410255},"point_estimate":0.07462364942051036,"standard_error":0.001053782522188961},"median":{"confidence_interval":{"confidence_level":0.95,"lower_bound":0.07530760850066143,"upper_bound":0.07822363187939846},"point_estimate":0.07656148158128406,"standard_error":0.0008407097670795916}}