{"mean":{"confidence_interval":{"confidence_level":0.95,"lower_bound":-0.1985086032266695,"upper_bound":-0.16066655427982618},"point_estimate":-0.17993696196357611,"standard_error":0.009690679323900064},"median":{"confidence_interval":{"confidence_level":0.95,"lower_bound":-0.20912363668898537,"upper_bound":-0.16228512317265778},"point_estimate":-0.19189732570879925,"standard_error":0.011405308679876934}}