{"mean":{"confidence_interval":{"confidence_level":0.95,"lower_bound":0.008302504456970767,"upper_bound":0.024251841089537242},"point_estimate":0.016609116884368502,"standard_error":0.0040717040453837105},"median":{"confidence_interval":{"confidence_level":0.95,"lower_bound":0.01715842198553852,"upper_bound":0.018351107268268274},"point_estimate":0.017795395910061407,"standard_error":0.00030176845335893454}}