{"mean":{"confidence_interval":{"confidence_level":0.95,"lower_bound":-0.10410392336139528,"upper_bound":-0.09060793169375912},"point_estimate":-0.0973866796670092,"standard_error":0.003440055096406365},"median":{"confidence_interval":{"confidence_level":0.95,"lower_bound":-0.11392183559093028,"upper_bound":-0.08303888398378423},"point_estimate":-0.10496322449574569,"standard_error":0.007522317407875441}}