{"mean":{"confidence_interval":{"confidence_level":0.95,"lower_bound":0.19772003763582724,"upper_bound":0.21810017925558056},"point_estimate":0.20791656998895136,"standard_error":0.005209795055130387},"median":{"confidence_interval":{"confidence_level":0.95,"lower_bound":0.21339750123742207,"upper_bound":0.22771187861615294},"point_estimate":0.21997718308126668,"standard_error":0.003739599514051404}}