{"mean":{"confidence_interval":{"confidence_level":0.95,"lower_bound":-0.09507445913703307,"upper_bound":-0.08127119086955537},"point_estimate":-0.08822818061166393,"standard_error":0.0035281639417779143},"median":{"confidence_interval":{"confidence_level":0.95,"lower_bound":-0.09531184645331237,"upper_bound":-0.07867364447777014},"point_estimate":-0.08770859788538177,"standard_error":0.003679754545422071}}