{"mean":{"confidence_interval":{"confidence_level":0.95,"lower_bound":-0.09990302020442295,"upper_bound":-0.0875190513894829},"point_estimate":-0.09362049840079434,"standard_error":0.0031411595761513434},"median":{"confidence_interval":{"confidence_level":0.95,"lower_bound":-0.09721496176982813,"upper_bound":-0.08197242027802043},"point_estimate":-0.08305207123095659,"standard_error":0.004182995814508088}}