{"mean":{"confidence_interval":{"confidence_level":0.95,"lower_bound":-0.0028101615254771863,"upper_bound":0.004745106358275996},"point_estimate":0.0017479253453795973,"standard_error":0.002011340654071471},"median":{"confidence_interval":{"confidence_level":0.95,"lower_bound":0.00045762608779087444,"upper_bound":0.0014652387310614134},"point_estimate":0.0009877392560919684,"standard_error":0.000248404674750924}}