{"mean":{"confidence_interval":{"confidence_level":0.95,"lower_bound":-0.07160843919858327,"upper_bound":-0.061578443452231735},"point_estimate":-0.06661756940250518,"standard_error":0.00256821117205551},"median":{"confidence_interval":{"confidence_level":0.95,"lower_bound":-0.06874529802097769,"upper_bound":-0.058245112897312414},"point_estimate":-0.06356105724366412,"standard_error":0.002493183383255131}}