{"mean":{"confidence_interval":{"confidence_level":0.95,"lower_bound":452.7404432530052,"upper_bound":453.80690330319715},"point_estimate":453.13839654484286,"standard_error":0.2925100420020585},"median":{"confidence_interval":{"confidence_level":0.95,"lower_bound":452.5782244643229,"upper_bound":452.67299771167046},"point_estimate":452.63335892014015,"standard_error":0.022051497573854977},"median_abs_dev":{"confidence_interval":{"confidence_level":0.95,"lower_bound":0.1026937198119506,"upper_bound":0.21040760268413056},"point_estimate":0.16973951342637056,"standard_error":0.026786528925928844},"slope":{"confidence_interval":{"confidence_level":0.95,"lower_bound":452.7560227935856,"upper_bound":453.45438629603194},"point_estimate":453.0660368100815,"standard_error":0.17887444411856523},"std_dev":{"confidence_interval":{"confidence_level":0.95,"lower_bound":0.46057498351101855,"upper_bound":4.907045523113926},"point_estimate":2.9274231227828156,"standard_error":1.4436467175230263}}